project	canonical-path	kind	status	purpose
dotfiles	/home/puzll/Documents/Projects/dotfiles	orchestrator	active	Cross-distribution setup inventory and coordinator
MediaVol	/home/puzll/MediaVol	separate-repository	uncommitted	Adaptive Plasma setup, focused volume, automation, and visual assets
Emoji-cord	/home/puzll/Emoji-cord	separate-repository	dirty	KDE Wayland shortcode emoji input method
no-vicinae-animation	/home/puzll/Documents/Projects/no-vicinae-animation	separate-repository	prepared	KWin effect suppressing Vicinae animations
focused-volume	/home/puzll/MediaVol/sources	MediaVol-subproject	canonical	Focused application volume daemon and resolver
cider-kde-integration	/home/puzll/MediaVol/home/.local/bin	MediaVol-subproject	canonical	Cider media shortcuts and Plasma OSD integration
desktop-audio-overlay	/home/puzll/MediaVol/home/.local/bin	MediaVol-subproject	canonical	Pavucontrol overlay and launchers
window-title-patch	/home/puzll/.local/share/plasma/plasmoids/org.kde.windowtitle	patch-needed	installed-only	Local Plasma 6 compatibility modification
login-theme-overlay	/home/puzll/qylock	upstream-reference	clean-upstream	Qylock SDDM themes; active Sword theme is unmodified upstream
